المجموعة ,اسم التقرير ,english,الموديول ,يتم اختيار فترة التقرير 
القوائم المالية ,ميزان المراجعة  متضمن رصيد اول المدة للفترات ما قبل الفترة المطلوبة - المدين - الدائن - الرصيد ,trial balance,,
,قائمة المركز المالي ,statement of financial position ,,
,قائمة الدخل ,Statement of Profit or Loss,,
,قائمة التدفقات النقدية ,Cash flow ,,
,قائمة التغير في حقوق الملكية ,change in equity ,,ممكن دول ب ai الاسم بالانجليزي يعني 
,الإيضاحات المتتمة للقوائم المالية ,Disclosure Notes,,
المشروعات ,بيان بالمشروعات وحالتها ,,,
,بيان بعدد المشروعات في كل حالة ,,,
,بيان بربحية كل مشروع  ونسبة مجمل الربح ,,,
,بيان بالتدفقات النقدية لكل مشروع,,,
,بيان بعدد المشروعات في كل سيكتور ,,,
,بيان بربحية كل سيكتور ,,,
,بيان بالتدفقات النقدية لكل سيكتور ,,,
العملاء,بيان بارصدة العملاء ,,,
,بيان بأعمار المديونية للعملاء ,,,
,بيان بأوامر البيع ,,,
,بيان بربحية كل امر بيع ,,,
,بيان بربحية كل عميل ,,,
الموردين ,بيان بارصدة الموردين,,,
,بيان بأعمار دائنية الموردين ,,,
,بيان بأوامر الشراء ,,,
البنوك وما في حكمها ,بيان بالبنوك وما في حكمها  وحركة كل بنك حركة حركة مرصدة ,,,
الأصول الثابتة ,بيان بالأصول الثابتة متضمن قيمة الاصل - مجمع الاهلاك - صافي الاصل لكل اصل مع كتابة الحساب المقابل للاصل  ,,,
,بيان بالأهلاكات والاستهلاكات  لكل أصل مع حساب الاصل المقابل ,,,
المصروفات ,بيان بالمصروفات والحساب المقابل لكل مصروف في شجرة الحسابات ونسبة المصروف لاجمالي المصروفات ,,,
