title.en,title.ar,description.en,description.ar,cost,price,priceAfterDiscount,category,subcategory,season,color.name,color.isDefault,sku,size,quantity,warehouse
Classic T-Shirt,تي شيرت كلاسيك,Premium cotton classic t-shirt,تي شيرت كلاسيك من القطن الممتاز,50,120,100,679e7116379d6a5a7b83e499,67ab687c6df96bbd4b3f4887,all,white,true,TS-WHT-S,S,10,
Classic T-Shirt,تي شيرت كلاسيك,Premium cotton classic t-shirt,تي شيرت كلاسيك من القطن الممتاز,50,120,100,679e7116379d6a5a7b83e499,67ab687c6df96bbd4b3f4887,all,white,true,TS-WHT-M,M,15,
Classic T-Shirt,تي شيرت كلاسيك,Premium cotton classic t-shirt,تي شيرت كلاسيك من القطن الممتاز,50,120,100,679e7116379d6a5a7b83e499,67ab687c6df96bbd4b3f4887,all,white,true,TS-WHT-L,L,12,
Classic T-Shirt,تي شيرت كلاسيك,Premium cotton classic t-shirt,تي شيرت كلاسيك من القطن الممتاز,50,120,100,679e7116379d6a5a7b83e499,67ab687c6df96bbd4b3f4887,all,navy,false,TS-NVY-S,S,8,
Classic T-Shirt,تي شيرت كلاسيك,Premium cotton classic t-shirt,تي شيرت كلاسيك من القطن الممتاز,50,120,100,679e7116379d6a5a7b83e499,67ab687c6df96bbd4b3f4887,all,navy,false,TS-NVY-M,M,12,
Classic T-Shirt,تي شيرت كلاسيك,Premium cotton classic t-shirt,تي شيرت كلاسيك من القطن الممتاز,50,120,100,679e7116379d6a5a7b83e499,67ab687c6df96bbd4b3f4887,all,navy,false,TS-NVY-L,L,10,
Classic T-Shirt,تي شيرت كلاسيك,Premium cotton classic t-shirt,تي شيرت كلاسيك من القطن الممتاز,50,120,100,679e7116379d6a5a7b83e499,67ab687c6df96bbd4b3f4887,all,gray,false,TS-GRY-S,S,7,
Classic T-Shirt,تي شيرت كلاسيك,Premium cotton classic t-shirt,تي شيرت كلاسيك من القطن الممتاز,50,120,100,679e7116379d6a5a7b83e499,67ab687c6df96bbd4b3f4887,all,gray,false,TS-GRY-M,M,11,
Classic T-Shirt,تي شيرت كلاسيك,Premium cotton classic t-shirt,تي شيرت كلاسيك من القطن الممتاز,50,120,100,679e7116379d6a5a7b83e499,67ab687c6df96bbd4b3f4887,all,gray,false,TS-GRY-L,L,9,
Classic T-Shirt,تي شيرت كلاسيك,Premium cotton classic t-shirt,تي شيرت كلاسيك من القطن الممتاز,50,120,100,679e7116379d6a5a7b83e499,67ab687c6df96bbd4b3f4887,all,red,false,TS-RED-S,S,6,
Classic T-Shirt,تي شيرت كلاسيك,Premium cotton classic t-shirt,تي شيرت كلاسيك من القطن الممتاز,50,120,100,679e7116379d6a5a7b83e499,67ab687c6df96bbd4b3f4887,all,red,false,TS-RED-M,M,10,
Classic T-Shirt,تي شيرت كلاسيك,Premium cotton classic t-shirt,تي شيرت كلاسيك من القطن الممتاز,50,120,100,679e7116379d6a5a7b83e499,67ab687c6df96bbd4b3f4887,all,red,false,TS-RED-L,L,8,
Denim Jeans,جينز دنيم,High-quality denim jeans,جينز دنيم عالي الجودة,120,300,250,679e7116379d6a5a7b83e499,67ab687c6df96bbd4b3f4887,all,blue,true,DJ-BLU-30,30,8,
Denim Jeans,جينز دنيم,High-quality denim jeans,جينز دنيم عالي الجودة,120,300,250,679e7116379d6a5a7b83e499,67ab687c6df96bbd4b3f4887,all,blue,true,DJ-BLU-32,32,10,
Denim Jeans,جينز دنيم,High-quality denim jeans,جينز دنيم عالي الجودة,120,300,250,679e7116379d6a5a7b83e499,67ab687c6df96bbd4b3f4887,all,blue,true,DJ-BLU-34,34,6,
Denim Jeans,جينز دنيم,High-quality denim jeans,جينز دنيم عالي الجودة,120,300,250,679e7116379d6a5a7b83e499,67ab687c6df96bbd4b3f4887,all,black,false,DJ-BLK-30,30,7,
Denim Jeans,جينز دنيم,High-quality denim jeans,جينز دنيم عالي الجودة,120,300,250,679e7116379d6a5a7b83e499,67ab687c6df96bbd4b3f4887,all,black,false,DJ-BLK-32,32,9,
Denim Jeans,جينز دنيم,High-quality denim jeans,جينز دنيم عالي الجودة,120,300,250,679e7116379d6a5a7b83e499,67ab687c6df96bbd4b3f4887,all,black,false,DJ-BLK-34,34,5,
Denim Jeans,جينز دنيم,High-quality denim jeans,جينز دنيم عالي الجودة,120,300,250,679e7116379d6a5a7b83e499,67ab687c6df96bbd4b3f4887,all,gray,false,DJ-GRY-30,30,6,
Denim Jeans,جينز دنيم,High-quality denim jeans,جينز دنيم عالي الجودة,120,300,250,679e7116379d6a5a7b83e499,67ab687c6df96bbd4b3f4887,all,gray,false,DJ-GRY-32,32,8,
Denim Jeans,جينز دنيم,High-quality denim jeans,جينز دنيم عالي الجودة,120,300,250,679e7116379d6a5a7b83e499,67ab687c6df96bbd4b3f4887,all,gray,false,DJ-GRY-34,34,4,
Denim Jeans,جينز دنيم,High-quality denim jeans,جينز دنيم عالي الجودة,120,300,250,679e7116379d6a5a7b83e499,67ab687c6df96bbd4b3f4887,all,khaki,false,DJ-KHK-30,30,7,
Denim Jeans,جينز دنيم,High-quality denim jeans,جينز دنيم عالي الجودة,120,300,250,679e7116379d6a5a7b83e499,67ab687c6df96bbd4b3f4887,all,khaki,false,DJ-KHK-32,32,9,
Denim Jeans,جينز دنيم,High-quality denim jeans,جينز دنيم عالي الجودة,120,300,250,679e7116379d6a5a7b83e499,67ab687c6df96bbd4b3f4887,all,khaki,false,DJ-KHK-34,34,5,
Casual Hoodie,هودي كاجوال,Comfortable cotton blend hoodie,هودي مريح من مزيج القطن,80,200,180,679e7116379d6a5a7b83e499,67ab687c6df96bbd4b3f4887,winter,black,true,CH-BLK-S,S,10,
Casual Hoodie,هودي كاجوال,Comfortable cotton blend hoodie,هودي مريح من مزيج القطن,80,200,180,679e7116379d6a5a7b83e499,67ab687c6df96bbd4b3f4887,winter,black,true,CH-BLK-M,M,12,
Casual Hoodie,هودي كاجوال,Comfortable cotton blend hoodie,هودي مريح من مزيج القطن,80,200,180,679e7116379d6a5a7b83e499,67ab687c6df96bbd4b3f4887,winter,black,true,CH-BLK-L,L,8,
Casual Hoodie,هودي كاجوال,Comfortable cotton blend hoodie,هودي مريح من مزيج القطن,80,200,180,679e7116379d6a5a7b83e499,67ab687c6df96bbd4b3f4887,winter,navy,false,CH-NVY-S,S,9,
Casual Hoodie,هودي كاجوال,Comfortable cotton blend hoodie,هودي مريح من مزيج القطن,80,200,180,679e7116379d6a5a7b83e499,67ab687c6df96bbd4b3f4887,winter,navy,false,CH-NVY-M,M,11,
Casual Hoodie,هودي كاجوال,Comfortable cotton blend hoodie,هودي مريح من مزيج القطن,80,200,180,679e7116379d6a5a7b83e499,67ab687c6df96bbd4b3f4887,winter,navy,false,CH-NVY-L,L,7,
Casual Hoodie,هودي كاجوال,Comfortable cotton blend hoodie,هودي مريح من مزيج القطن,80,200,180,679e7116379d6a5a7b83e499,67ab687c6df96bbd4b3f4887,winter,gray,false,CH-GRY-S,S,8,
Casual Hoodie,هودي كاجوال,Comfortable cotton blend hoodie,هودي مريح من مزيج القطن,80,200,180,679e7116379d6a5a7b83e499,67ab687c6df96bbd4b3f4887,winter,gray,false,CH-GRY-M,M,10,
Casual Hoodie,هودي كاجوال,Comfortable cotton blend hoodie,هودي مريح من مزيج القطن,80,200,180,679e7116379d6a5a7b83e499,67ab687c6df96bbd4b3f4887,winter,gray,false,CH-GRY-L,L,6,
Casual Hoodie,هودي كاجوال,Comfortable cotton blend hoodie,هودي مريح من مزيج القطن,80,200,180,679e7116379d6a5a7b83e499,67ab687c6df96bbd4b3f4887,winter,maroon,false,CH-MRN-S,S,7,
Casual Hoodie,هودي كاجوال,Comfortable cotton blend hoodie,هودي مريح من مزيج القطن,80,200,180,679e7116379d6a5a7b83e499,67ab687c6df96bbd4b3f4887,winter,maroon,false,CH-MRN-M,M,9,
Casual Hoodie,هودي كاجوال,Comfortable cotton blend hoodie,هودي مريح من مزيج القطن,80,200,180,679e7116379d6a5a7b83e499,67ab687c6df96bbd4b3f4887,winter,maroon,false,CH-MRN-L,L,5,
